original_smiles,generated_smiles,qed_score,tanimoto_similarity,min_sim_param,mw,logp,hba,hbd,tpsa,rotatable_bonds
Cc1cc2c(cc1CC(=O)c1sccc1S(=O)(=O)Nc1onc(C)c1Cl)OCO2,Cc1nonc1NC(=O)c1cccc2c1CCN(C)C2=O,0.8974285557027488,0.1724137931034483,0.1,286.291,1.2584199999999999,5,1,88.33000000000001,2
Cc1cc2c(cc1CC(=O)c1sccc1S(=O)(=O)Nc1onc(C)c1Cl)OCO2,Cc1nsc(NC(=O)Cc2coc3cc4c(cc23)OCCO4)c1Cl,0.7646885337792633,0.3048780487804878,0.1,364.8100000000002,3.8035200000000025,6,1,73.59,3
Cc1cc2c(cc1CC(=O)c1sccc1S(=O)(=O)Nc1onc(C)c1Cl)OCO2,COc1cc2c(cc1Nc1ncnc3sc(C)c(Cl)c13)O[C@@H](C)C2,0.7304823816943654,0.15053763440860216,0.1,361.85400000000016,4.728720000000003,6,1,56.269999999999996,3
Cc1cc2c(cc1CC(=O)c1sccc1S(=O)(=O)Nc1onc(C)c1Cl)OCO2,Cc1noc(Cl)c1C(=O)NC[C@@H]1CC(C)(C)Oc2ccccc21,0.9288922656248492,0.22988505747126436,0.1,334.80300000000005,3.711120000000003,4,1,64.36,3
Cc1cc2c(cc1CC(=O)c1sccc1S(=O)(=O)Nc1onc(C)c1Cl)OCO2,Cn1ccnc1-c1csc(NC(=O)c2ccc3c(c2)C(C)(C)CO3)n1,0.7818974472887523,0.18947368421052632,0.1,354.4350000000001,3.465900000000002,6,1,69.04,3
Cc1cc2c(cc1CC(=O)c1sccc1S(=O)(=O)Nc1onc(C)c1Cl)OCO2,Cc1nc(C)c(C(=O)Nc2ccc(CC(=O)N(C)C)cc2Cl)o1,0.9317963964134859,0.21428571428571427,0.1,335.79100000000005,2.827840000000001,4,1,75.44,4
Cc1cc2c(cc1CC(=O)c1sccc1S(=O)(=O)Nc1onc(C)c1Cl)OCO2,Cc1ncsc1NC(=O)c1[nH]c2cc(Cl)ccc2c1C1CC1,0.729439863774849,0.19101123595505617,0.1,331.82800000000015,4.715920000000002,3,2,57.78,3
Cc1cc2c(cc1CC(=O)c1sccc1S(=O)(=O)Nc1onc(C)c1Cl)OCO2,COc1cc(Cl)ccc1CCC(=O)N1CCc2cc(Cl)cc(Cl)c21,0.7268764625591275,0.14285714285714285,0.1,384.69,5.177300000000003,2,0,29.54,4
Cc1cc2c(cc1CC(=O)c1sccc1S(=O)(=O)Nc1onc(C)c1Cl)OCO2,Cc1nocc1NC(=O)c1scnc1-c1cc(Cl)c2c(c1)OCCO2,0.7469687074007134,0.23333333333333334,0.1,377.8090000000002,3.7834200000000013,7,1,86.48000000000002,3
Cc1cc2c(cc1CC(=O)c1sccc1S(=O)(=O)Nc1onc(C)c1Cl)OCO2,O=C(Nc1nscc1Cl)c1c(-c2ccc3c(c2)CCO3)oc2c1CCC2,0.706145198574702,0.19148936170212766,0.1,386.8600000000003,4.732400000000004,5,1,64.36,3
Cc1cc2c(cc1CC(=O)c1sccc1S(=O)(=O)Nc1onc(C)c1Cl)OCO2,Cc1onc(NC(=O)c2ccc(S(=O)(=O)N3CCOCC3)o2)c1Cl,0.8604359860594403,0.22093023255813954,0.4,375.7900000000002,1.5026199999999998,7,1,114.88000000000001,4
Cc1cc2c(cc1CC(=O)c1sccc1S(=O)(=O)Nc1onc(C)c1Cl)OCO2,Cc1sc(C(=O)OCc2cccc3c2O[C@H](C)C3)c(NS(C)(=O)=O)c1Cl,0.7516035621996975,0.2391304347826087,0.4,415.9200000000001,3.761820000000002,6,1,81.69999999999999,5
Cc1cc2c(cc1CC(=O)c1sccc1S(=O)(=O)Nc1onc(C)c1Cl)OCO2,Cc1nc(Cl)sc1CNC(=O)Cc1coc2cc3c(cc12)OCO3,0.7672478507976803,0.2926829268292683,0.4,364.8100000000002,3.438720000000001,6,1,73.59,4
Cc1cc2c(cc1CC(=O)c1sccc1S(=O)(=O)Nc1onc(C)c1Cl)OCO2,Cc1ccc(NS(=O)(=O)c2ccsc2C(=O)OCc2ccc(Cl)cc2O)cc1,0.5506762127690925,0.345679012345679,0.4,437.92600000000016,4.573320000000003,6,2,92.7,6
Cc1cc2c(cc1CC(=O)c1sccc1S(=O)(=O)Nc1onc(C)c1Cl)OCO2,Cc1c(Cl)cc(S(=O)(=O)N(Cc2ccc(O)cc2)C[C@H]2CCCO2)n1C,0.811228158097612,0.1956521739130435,0.4,398.9120000000002,3.0624200000000013,5,1,71.77000000000001,6
Cc1cc2c(cc1CC(=O)c1sccc1S(=O)(=O)Nc1onc(C)c1Cl)OCO2,COC(=O)c1c(C)nsc1NC(=O)c1ccoc1Cc1ccc2c(c1)OCO2,0.6552712627953505,0.25274725274725274,0.4,400.41200000000026,3.4029200000000017,8,1,99.89,5
Cc1cc2c(cc1CC(=O)c1sccc1S(=O)(=O)Nc1onc(C)c1Cl)OCO2,COc1cc2c(cc1CCc1nc(-c3sc(C)c(C)c3Cl)no1)OCO2,0.6321902443421019,0.2619047619047619,0.4,392.8640000000001,4.590840000000003,7,0,66.61000000000001,5
Cc1cc2c(cc1CC(=O)c1sccc1S(=O)(=O)Nc1onc(C)c1Cl)OCO2,Cc1cc(NC(=O)CS(=O)(=O)Cc2ccc(Cl)c(C(C)(C)C)c2)no1,0.8517305105966354,0.25,0.4,384.8850000000001,3.487420000000003,5,1,89.27,5
Cc1cc2c(cc1CC(=O)c1sccc1S(=O)(=O)Nc1onc(C)c1Cl)OCO2,Cc1noc(COC(=O)Cc2ccc3c(c2)N(C)C(=O)[C@@H](C)O3)c1Cl,0.7756183861083715,0.24444444444444444,0.4,364.7850000000001,2.6660200000000005,6,0,81.87000000000002,4
Cc1cc2c(cc1CC(=O)c1sccc1S(=O)(=O)Nc1onc(C)c1Cl)OCO2,Cc1onc(NC(=O)c2sc(CCc3ccc4c(c3)OCO4)c(Cl)c2C)c1C,0.624909986933931,0.3176470588235294,0.4,418.90200000000016,5.080960000000004,6,1,73.59,5
Cc1cc2c(cc1CC(=O)c1sccc1S(=O)(=O)Nc1onc(C)c1Cl)OCO2,Cc1c(NC(=O)CS(=O)(=O)c2cc3c(cc2Cl)OCCO3)cnn1C,0.8570100287644953,0.24705882352941178,0.7,385.8290000000001,1.5655200000000002,7,1,99.52000000000001,4
Cc1cc2c(cc1CC(=O)c1sccc1S(=O)(=O)Nc1onc(C)c1Cl)OCO2,Cc1cc(Cl)sc1NC(=O)c1ocnc1-c1ccc2c(c1)OCCO2,0.7334612695428585,0.22727272727272727,0.7,376.8210000000002,4.388420000000003,6,1,73.59,3
Cc1cc2c(cc1CC(=O)c1sccc1S(=O)(=O)Nc1onc(C)c1Cl)OCO2,COc1ccc(NC(=O)c2ccc(C(F)(F)F)cc2)c(OC)c1Cl,0.8655286198262344,0.12941176470588237,0.7,359.7310000000001,4.628300000000002,3,1,47.56,4
Cc1cc2c(cc1CC(=O)c1sccc1S(=O)(=O)Nc1onc(C)c1Cl)OCO2,CNS(=O)(=O)c1cc(OC)sc1NC(=O)Cc1ccc2c(c1)OCCO2,0.7665008042976275,0.25882352941176473,0.7,398.4620000000002,1.6172000000000002,7,2,102.96000000000001,6
Cc1cc2c(cc1CC(=O)c1sccc1S(=O)(=O)Nc1onc(C)c1Cl)OCO2,Cc1noc(Cl)c1S(=O)(=O)C1CC(C)(C)C1,0.8228865587401207,0.20270270270270271,0.7,263.746,2.598720000000001,4,0,60.17,2
Cc1cc2c(cc1CC(=O)c1sccc1S(=O)(=O)Nc1onc(C)c1Cl)OCO2,COC(=O)c1c(NS(=O)(=O)c2cc3c(cc2C)OCCO3)ccn1C,0.8275643772128083,0.2875,0.7,366.39500000000015,1.69212,7,1,95.86000000000001,4
Cc1cc2c(cc1CC(=O)c1sccc1S(=O)(=O)Nc1onc(C)c1Cl)OCO2,COC(=O)c1c(NS(=O)(=O)Cc2cc3c(cc2C)OCO3)noc1C,0.7933904050684638,0.3684210526315789,0.7,368.36700000000013,1.74864,8,1,116.96000000000001,5
Cc1cc2c(cc1CC(=O)c1sccc1S(=O)(=O)Nc1onc(C)c1Cl)OCO2,Cc1noc(NS(=O)(=O)c2cc3c(cc2Cl)OCCO3)c1C,0.9195774833879805,0.4057971014492754,0.7,344.7760000000002,2.516840000000001,6,1,90.66000000000001,3
Cc1cc2c(cc1CC(=O)c1sccc1S(=O)(=O)Nc1onc(C)c1Cl)OCO2,O=C(O)c1cc(Cl)ccc1NS(=O)(=O)c1ccc2c(c1)CCC2,0.8845553896838771,0.18072289156626506,0.7,351.8110000000002,3.327700000000002,3,2,83.47,4
Cc1cc2c(cc1CC(=O)c1sccc1S(=O)(=O)Nc1onc(C)c1Cl)OCO2,Cc1csc(NS(=O)(=O)c2cc(C(=O)Nc3c(C)noc3C)ccc2Cl)c1C,0.6007226720828129,0.32142857142857145,0.7,439.94600000000014,4.676280000000003,6,2,101.3,5
CCCNS(=O)(=O)Nc1ncnc(OCCOc2ncc(Br)cn2)c1-c1ccc(Br)cc1,COCCn1ncnc1CNS(=O)(=O)c1cc(Br)ccc1NCC(F)(F)F,0.5807621373822415,0.21839080459770116,0.1,472.2870000000001,2.1396999999999995,7,2,98.13999999999999,9
CCCNS(=O)(=O)Nc1ncnc(OCCOc2ncc(Br)cn2)c1-c1ccc(Br)cc1,COc1cc(Cl)nc(COc2cc(Br)ccc2NC(=O)CNC(C)=O)n1,0.6377070352939708,0.15730337078651685,0.1,443.6850000000002,2.5547000000000004,6,2,102.44000000000001,7
CCCNS(=O)(=O)Nc1ncnc(OCCOc2ncc(Br)cn2)c1-c1ccc(Br)cc1,COCCNC(=O)c1cc2c(nc1NCCc1ncc(Br)cc1Br)CS(=O)(=O)C2,0.4882805038812422,0.18478260869565216,0.1,548.257,2.4608,7,2,110.28,8
CCCNS(=O)(=O)Nc1ncnc(OCCOc2ncc(Br)cn2)c1-c1ccc(Br)cc1,COCCN=c1ncc(Br)cn1-c1nc(NCCOC)cc(OC)n1,0.6140591622981573,0.1744186046511628,0.1,413.2760000000002,1.0387999999999997,9,1,95.68,9
CCCNS(=O)(=O)Nc1ncnc(OCCOc2ncc(Br)cn2)c1-c1ccc(Br)cc1,CCCNS(=O)(=O)c1cc(Br)cnc1NC(=O)OCc1ncc(Br)cn1,0.5888191300976593,0.32432432432432434,0.1,509.1800000000002,2.8336000000000006,7,2,123.17,7
CCCNS(=O)(=O)Nc1ncnc(OCCOc2ncc(Br)cn2)c1-c1ccc(Br)cc1,CCNC(=O)NC1CN(CCOc2ncc(Br)cn2)C1,0.7910844058450187,0.3055555555555556,0.1,344.213,0.6211999999999998,5,2,79.38000000000001,6
CCCNS(=O)(=O)Nc1ncnc(OCCOc2ncc(Br)cn2)c1-c1ccc(Br)cc1,CCCS(=O)(=O)Nc1ccc(Br)nc1-n1cnc(CCCN)n1,0.6452065386945709,0.18823529411764706,0.1,403.3060000000002,1.4678000000000002,7,2,115.78999999999999,8
CCCNS(=O)(=O)Nc1ncnc(OCCOc2ncc(Br)cn2)c1-c1ccc(Br)cc1,CCCCNc1ccc(S(N)(=O)=O)cc1NCc1cn(CC(F)F)nn1,0.5365315510018815,0.14285714285714285,0.1,388.444,2.0146999999999995,7,3,114.93,10
CCCNS(=O)(=O)Nc1ncnc(OCCOc2ncc(Br)cn2)c1-c1ccc(Br)cc1,COCCNS(=O)(=O)N1CCOC2(CN(Cc3ncc(Br)cc3Br)C2)C1,0.5468974548197258,0.2159090909090909,0.1,514.24,0.9740000000000004,6,1,84.0,7
CCCNS(=O)(=O)Nc1ncnc(OCCOc2ncc(Br)cn2)c1-c1ccc(Br)cc1,COCCn1cnc2c(-c3cc(Br)ccc3NC(=O)CNC(C)=O)ncnc21,0.5732551279491315,0.18478260869565216,0.1,447.2930000000002,1.9768,7,2,111.03,7
CCCNS(=O)(=O)Nc1ncnc(OCCOc2ncc(Br)cn2)c1-c1ccc(Br)cc1,CCCNC(=O)COC1CN(Cc2ccc(Br)cn2)C1,0.8173960821487241,0.2564102564102564,0.4,342.237,1.5710999999999995,4,1,54.46,7
CCCNS(=O)(=O)Nc1ncnc(OCCOc2ncc(Br)cn2)c1-c1ccc(Br)cc1,CCN(CCOC)c1nnc(-c2ccc(Br)cc2)n1CCOc1ncc(Cl)cn1,0.4367272285961383,0.2716049382716049,0.4,481.7820000000002,3.7027000000000028,8,0,78.19,10
CCCNS(=O)(=O)Nc1ncnc(OCCOc2ncc(Br)cn2)c1-c1ccc(Br)cc1,COc1cc(-c2nc(Nc3ccc(Br)cc3)cc(OC)n2)ncn1,0.7169200852006605,0.19736842105263158,0.4,388.2250000000001,3.456900000000002,7,1,82.05,5
CCCNS(=O)(=O)Nc1ncnc(OCCOc2ncc(Br)cn2)c1-c1ccc(Br)cc1,O=C(O)COc1ncc(-c2ccnc(NS(=O)(=O)c3ccc(Br)cc3)n2)cn1,0.5338901124771228,0.2894736842105263,0.4,466.27300000000014,1.9602999999999997,8,2,144.26,7
CCCNS(=O)(=O)Nc1ncnc(OCCOc2ncc(Br)cn2)c1-c1ccc(Br)cc1,CCS(=O)(=O)Nc1cc2nnc(-c3ccc(Br)cc3)n2nc1OCc1ccc(Br)cn1,0.35832469343641743,0.3125,0.4,568.2510000000001,4.0519000000000025,8,1,111.37,7
CCCNS(=O)(=O)Nc1ncnc(OCCOc2ncc(Br)cn2)c1-c1ccc(Br)cc1,CCCOC(=O)Nc1ccc(Br)cc1-c1nc(N)nc(N)n1,0.7567059246146172,0.20512820512820512,0.4,367.2070000000001,2.4239999999999995,7,3,129.04,4
CCCNS(=O)(=O)Nc1ncnc(OCCOc2ncc(Br)cn2)c1-c1ccc(Br)cc1,Nc1nc(Oc2ccc(F)cc2Br)n(-c2ccc(Br)cn2)n1,0.6874930651574381,0.15853658536585366,0.4,429.047,3.7009000000000007,6,1,78.85000000000001,3
CCCNS(=O)(=O)Nc1ncnc(OCCOc2ncc(Br)cn2)c1-c1ccc(Br)cc1,CCNS(=O)(=O)c1ccc(OCc2nc(-c3ccc(Br)cn3)no2)cc1,0.603356449368179,0.25,0.4,439.29100000000005,2.771300000000001,7,1,107.21000000000001,7
CCCNS(=O)(=O)Nc1ncnc(OCCOc2ncc(Br)cn2)c1-c1ccc(Br)cc1,CCS(=O)(=O)Nc1nc(-c2ccc(Br)cc2)nc(-c2ccc(OCC#N)nc2)n1,0.5519410739041924,0.2894736842105263,0.4,475.3280000000002,3.0270800000000015,8,1,130.75,7
CCCNS(=O)(=O)Nc1ncnc(OCCOc2ncc(Br)cn2)c1-c1ccc(Br)cc1,CCCS(=O)(=O)Nc1ccc2c(OCCOc3ncc(Br)cn3)cccc2n1,0.48140935211741576,0.36486486486486486,0.4,467.345,3.3968000000000025,7,1,103.30000000000001,9
CCCNS(=O)(=O)Nc1ncnc(OCCOc2ncc(Br)cn2)c1-c1ccc(Br)cc1,CCCNS(=O)(=O)Nc1cc(OCCOC)nc(-c2cc(Br)cc(Br)c2)n1,0.46280627346643044,0.375,0.7,524.235,3.350100000000002,6,2,102.44000000000001,10
CCCNS(=O)(=O)Nc1ncnc(OCCOc2ncc(Br)cn2)c1-c1ccc(Br)cc1,CCCNC(=O)CN(CCOC)Cc1nc2ncc(Br)cn2n1,0.6895199233209166,0.22093023255813954,0.7,385.26599999999996,0.8613999999999999,7,1,84.65,9
CCCNS(=O)(=O)Nc1ncnc(OCCOc2ncc(Br)cn2)c1-c1ccc(Br)cc1,COCCNc1nc(NCCOC)nc(-c2ccc(Br)cc2)n1,0.644949451648272,0.25757575757575757,0.7,382.262,2.4177,7,2,81.19,9
CCCNS(=O)(=O)Nc1ncnc(OCCOc2ncc(Br)cn2)c1-c1ccc(Br)cc1,COCCN(c1nc(OC)nc(-c2ccc(Br)cc2)n1)S(=O)(=O)NCC(C)C,0.5630942525235226,0.25925925925925924,0.7,474.38100000000014,2.2529000000000003,7,1,106.53999999999999,10
CCCNS(=O)(=O)Nc1ncnc(OCCOc2ncc(Br)cn2)c1-c1ccc(Br)cc1,O=S(=O)(c1ccccc1)N1CCN(c2ncc(Br)cn2)CC1,0.8081820588654567,0.19718309859154928,0.7,383.271,1.75,5,0,66.4,3
CCCNS(=O)(=O)Nc1ncnc(OCCOc2ncc(Br)cn2)c1-c1ccc(Br)cc1,CS(=O)(=O)Nc1ccc(Br)cc1OCc1nccc(Oc2ncc(Br)cn2)n1,0.49271109323121304,0.2948717948717949,0.7,531.1860000000001,3.5344000000000015,8,1,116.19000000000001,7
CCCNS(=O)(=O)Nc1ncnc(OCCOc2ncc(Br)cn2)c1-c1ccc(Br)cc1,CCN(CC)CCNc1nc(-c2ncc(Br)cn2)nc2cc(Br)ccc12,0.5423885367878698,0.23376623376623376,0.7,480.2080000000001,4.365500000000003,6,1,66.83,7
CCCNS(=O)(=O)Nc1ncnc(OCCOc2ncc(Br)cn2)c1-c1ccc(Br)cc1,COCCNc1nc(Br)nn1-c1ccc(OC)cc1/C=C/Br,0.6798486292403546,0.13793103448275862,0.7,432.1160000000001,3.4623000000000017,6,1,61.2,7
CCCNS(=O)(=O)Nc1ncnc(OCCOc2ncc(Br)cn2)c1-c1ccc(Br)cc1,Clc1cc(CSCc2nc(-c3ccc(Br)cc3)no2)ncn1,0.5954403196384465,0.20512820512820512,0.7,397.685,4.375900000000003,6,0,64.7,5
CCCNS(=O)(=O)Nc1ncnc(OCCOc2ncc(Br)cn2)c1-c1ccc(Br)cc1,CCS(=O)(=O)Nc1cc(-c2ccc(Br)nc2)nc(NCCOC)n1,0.5016268975926493,0.2727272727272727,0.7,416.30100000000016,2.1209999999999996,7,2,106.10000000000001,8
COC(c1ccccc1)(c1ccccc1)[C@H](Oc1nc(C)cc(C)n1)C(=O)O,Cc1cc(C)nc(C2(C(=O)O)CCC3(OCc4ccccc4)CCC3(CCl)C2)n1,0.7004658268272758,0.2835820895522388,0.1,414.93300000000016,4.574340000000004,4,1,72.31,6
COC(c1ccccc1)(c1ccccc1)[C@H](Oc1nc(C)cc(C)n1)C(=O)O,Cc1cc(OC(OC(C)C)(c2ccccc2)c2ccccc2)nc(O)n1,0.6752381668283297,0.34545454545454546,0.1,350.41800000000006,4.195720000000004,5,1,64.47,6
COC(c1ccccc1)(c1ccccc1)[C@H](Oc1nc(C)cc(C)n1)C(=O)O,Cc1cc(O)n(C[C@@H](O)C(C#N)(c2ccccc2)c2ccccc2)n1,0.7520350067063047,0.26666666666666666,0.1,333.391,2.767900000000001,5,2,82.07000000000001,5
COC(c1ccccc1)(c1ccccc1)[C@H](Oc1nc(C)cc(C)n1)C(=O)O,CCC(CC)(O[C@H](C(=O)OC)c1cc(C)ccn1)c1ccccc1,0.709984769168314,0.3064516129032258,0.1,327.42400000000004,4.3362200000000035,4,0,48.42,7
COC(c1ccccc1)(c1ccccc1)[C@H](Oc1nc(C)cc(C)n1)C(=O)O,CCOC(=O)c1cc(C)nc(O[C@@H](c2ccccc2)C2(CO)CCCC2)n1,0.7496356125342992,0.3384615384615385,0.1,370.44900000000024,3.634520000000003,6,1,81.54,7
COC(c1ccccc1)(c1ccccc1)[C@H](Oc1nc(C)cc(C)n1)C(=O)O,CCC(C(=O)O)(c1ccccc1)S(=O)(=O)Oc1nc(C)cc(C)n1,0.7958266356975937,0.4339622641509434,0.1,350.3960000000001,2.19214,6,1,106.45,6
COC(c1ccccc1)(c1ccccc1)[C@H](Oc1nc(C)cc(C)n1)C(=O)O,COc1cc(C)nc(O[C@H](C)OC(c2ccccc2)C2CC2)n1,0.7296164952689738,0.3333333333333333,0.1,314.3850000000001,3.686320000000003,5,0,53.47,7
COC(c1ccccc1)(c1ccccc1)[C@H](Oc1nc(C)cc(C)n1)C(=O)O,CCN(C(=O)C(C)(C)c1ccccc1)[C@H]1CCCN(c2nc(C)cc(C)n2)C1,0.7895959565292794,0.29411764705882354,0.1,380.5360000000002,3.8885400000000034,4,0,49.330000000000005,5
COC(c1ccccc1)(c1ccccc1)[C@H](Oc1nc(C)cc(C)n1)C(=O)O,CCOC(=O)[C@@H](OCC(C)(CO)c1ccccc1)c1nc(C)cc(C)n1,0.7308063279708092,0.3728813559322034,0.1,358.4380000000001,2.664440000000001,6,1,81.54,8
COC(c1ccccc1)(c1ccccc1)[C@H](Oc1nc(C)cc(C)n1)C(=O)O,Cc1cc(C)nc(O[C@H](C(=O)O)C(c2ccccc2)c2ccccc2)n1,0.7342370742201666,0.5217391304347826,0.1,348.40200000000004,3.7575400000000023,4,1,72.31,6
COC(c1ccccc1)(c1ccccc1)[C@H](Oc1nc(C)cc(C)n1)C(=O)O,COCC(CO)(COc1nc(C)cc(C)n1)c1ccccc1,0.8477743570177825,0.4230769230769231,0.4,302.374,2.04894,5,1,64.47,7
COC(c1ccccc1)(c1ccccc1)[C@H](Oc1nc(C)cc(C)n1)C(=O)O,COC(=O)c1cccc([C@@H](Oc2nc(C)cc(C)n2)C(=O)O)c1,0.8430638316617517,0.4807692307692308,0.4,316.31300000000005,2.08474,6,1,98.61,5
COC(c1ccccc1)(c1ccccc1)[C@H](Oc1nc(C)cc(C)n1)C(=O)O,Cc1cc(C)nc(N[C@@H](C)CN(C)C(=O)C(C)(C)c2ccccc2)n1,0.8761710573491549,0.3620689655172414,0.4,340.471,3.330040000000002,4,1,58.120000000000005,6
COC(c1ccccc1)(c1ccccc1)[C@H](Oc1nc(C)cc(C)n1)C(=O)O,CO[C@H](c1nc(C)cc(C)n1)C(OC)(OC)c1ccccc1,0.7679553603778287,0.44680851063829785,0.4,302.37399999999997,2.9267400000000015,5,0,53.47000000000001,6
COC(c1ccccc1)(c1ccccc1)[C@H](Oc1nc(C)cc(C)n1)C(=O)O,COC(=O)C1=C(c2ccccc2)OC(C)(C)O[C@H]1c1nc(C)cc(C)n1,0.7858458184031217,0.3333333333333333,0.4,354.4060000000001,3.5017400000000025,6,0,70.54,3
COC(c1ccccc1)(c1ccccc1)[C@H](Oc1nc(C)cc(C)n1)C(=O)O,COC(C(=O)N[C@@H](C(=O)O)c1nc(C)cc(C)n1)(c1ccccc1)c1ccccc1,0.6267489314366058,0.4807692307692308,0.4,405.45400000000006,2.9255400000000007,5,2,101.41,7
COC(c1ccccc1)(c1ccccc1)[C@H](Oc1nc(C)cc(C)n1)C(=O)O,COC(=O)C(COc1nc(C)cc(C)n1)(OC)c1ccccc1,0.76086654996216,0.49019607843137253,0.4,316.357,2.1871400000000003,6,0,70.54,6
COC(c1ccccc1)(c1ccccc1)[C@H](Oc1nc(C)cc(C)n1)C(=O)O,COC(=O)C1=C(c2ccccc2)CO[C@H]1c1nc(C)cc(C)n1,0.8158389226164809,0.3448275862068966,0.4,310.353,2.7915400000000012,5,0,61.31,3
COC(c1ccccc1)(c1ccccc1)[C@H](Oc1nc(C)cc(C)n1)C(=O)O,COC(OC)(c1ccccc1)[C@H](CC(=O)O)c1nc(C)cc(C)n1,0.786255048045172,0.47058823529411764,0.4,330.38400000000007,2.7975400000000015,5,1,81.54,7
COC(c1ccccc1)(c1ccccc1)[C@H](Oc1nc(C)cc(C)n1)C(=O)O,COC(OC)(c1ccccc1)[C@@H](Oc1nc(C)cc(C)n1)C(=O)O,0.7761188938003172,0.7619047619047619,0.4,332.3560000000001,2.07124,6,1,90.77,7
COC(c1ccccc1)(c1ccccc1)[C@H](Oc1nc(C)cc(C)n1)C(=O)O,Cc1cc(C)nc(C(=O)NC[C@@H](C2CC2)N(C)C(=O)c2ccccc2)n1,0.8659964095469239,0.28125,0.7,352.43800000000005,2.374040000000001,4,1,75.19,6
COC(c1ccccc1)(c1ccccc1)[C@H](Oc1nc(C)cc(C)n1)C(=O)O,COc1nc(C(OC)(C(=O)O)c2ccccc2)nc(OC)c1C,0.8676812994486566,0.36538461538461536,0.7,318.3290000000001,1.77682,6,1,90.77000000000001,6
COC(c1ccccc1)(c1ccccc1)[C@H](Oc1nc(C)cc(C)n1)C(=O)O,Cc1cc(Br)nc([C@H](O)C(C)(NC(=O)OC(C)(C)C)c2ccccc2)n1,0.727551132719226,0.3387096774193548,0.7,422.3230000000002,4.021020000000003,5,2,84.34,4
COC(c1ccccc1)(c1ccccc1)[C@H](Oc1nc(C)cc(C)n1)C(=O)O,Cc1cc(O)nc(CO[C@H](C(=O)N2CCOCC2)c2ccccc2)n1,0.8877173386433538,0.2647058823529412,0.7,343.383,1.60732,6,1,84.78000000000002,5
COC(c1ccccc1)(c1ccccc1)[C@H](Oc1nc(C)cc(C)n1)C(=O)O,COC(OC)(c1ccccc1)c1nc(C)c(C)c(C)n1,0.8027435635092534,0.3333333333333333,0.7,272.34799999999996,2.895760000000002,4,0,44.24,4
COC(c1ccccc1)(c1ccccc1)[C@H](Oc1nc(C)cc(C)n1)C(=O)O,COC(OC)(c1ccccc1)[C@H](O)Cn1nc(C)cc1C,0.8268612676272471,0.3392857142857143,0.7,290.36300000000006,2.00664,5,1,56.51,6
COC(c1ccccc1)(c1ccccc1)[C@H](Oc1nc(C)cc(C)n1)C(=O)O,CCOC(=O)C(C)(OC[C@H](O)c1nc(C)cc(C)n1)c1ccccc1,0.777735806753854,0.3793103448275862,0.7,344.411,2.6219400000000013,6,1,81.54,7
COC(c1ccccc1)(c1ccccc1)[C@H](Oc1nc(C)cc(C)n1)C(=O)O,Cc1ccc([C@H](O)C(=O)OCC(C(=O)O)c2ccccc2)cc1C,0.7966921798631438,0.2542372881355932,0.7,328.36400000000003,2.7484400000000013,4,2,83.83,6
COC(c1ccccc1)(c1ccccc1)[C@H](Oc1nc(C)cc(C)n1)C(=O)O,Cc1cc(C)nc(C(=O)N2[C@H]3CC[C@H]2CN(C(=O)C2(c4ccccc4)CC2)C3)n1,0.8081396564598577,0.265625,0.7,390.48700000000014,2.640640000000001,4,0,66.4,3
COC(c1ccccc1)(c1ccccc1)[C@H](Oc1nc(C)cc(C)n1)C(=O)O,COC(C)(C(=O)O[C@H](C)c1noc(C)n1)c1ccccc1,0.7877307467818087,0.3389830508474576,0.7,290.31899999999996,2.5440200000000006,6,0,74.45,5
COc1ccccc1Oc1c(NS(=O)(=O)c2ccc(C(C)(C)C)cc2)nc(-c2ncccn2)nc1OCCO,COc1ccc(-c2nc(-c3ccc(C(C)(C)C)cc3S(N)(=O)=O)no2)c(OC)c1OC,0.6092435838205255,0.2619047619047619,0.1,447.5130000000002,3.3743000000000007,8,1,126.77000000000001,6
COc1ccccc1Oc1c(NS(=O)(=O)c2ccc(C(C)(C)C)cc2)nc(-c2ncccn2)nc1OCCO,Cc1nc(NS(=O)(=O)c2ccc(C(C)(C)C)cc2)ccc1-c1nn[nH]n1,0.7277147678609504,0.31645569620253167,0.1,372.454,2.6684200000000002,6,2,113.52,4
COc1ccccc1Oc1c(NS(=O)(=O)c2ccc(C(C)(C)C)cc2)nc(-c2ncccn2)nc1OCCO,COc1cc(-c2nnc(N3CCO[C@H](C(C)(C)C)C3)n2C[C@H]2CCCO2)cc(OC)c1OC,0.6220618623305014,0.13861386138613863,0.1,460.57500000000033,3.401200000000002,9,0,80.10000000000001,7
COc1ccccc1Oc1c(NS(=O)(=O)c2ccc(C(C)(C)C)cc2)nc(-c2ncccn2)nc1OCCO,COc1nc(OC)c(NC(=O)[C@H]2CCc3nc(C(C)(C)C)ncc3C2)c(-c2ccccc2)n1,0.6311914186014411,0.21428571428571427,0.1,447.53900000000016,3.991900000000004,7,1,99.12,5
COc1ccccc1Oc1c(NS(=O)(=O)c2ccc(C(C)(C)C)cc2)nc(-c2ncccn2)nc1OCCO,COCCc1c(O)nc(-c2ccccc2)nc1Nc1ccc(OC)c(OC)c1,0.613707490835013,0.2619047619047619,0.1,381.4320000000002,3.7989000000000024,7,2,85.73,8
COc1ccccc1Oc1c(NS(=O)(=O)c2ccc(C(C)(C)C)cc2)nc(-c2ncccn2)nc1OCCO,COc1ccc(C[C@@H]2CN(c3nc(OC)c(OC)c(OC)n3)CCO2)cc1,0.7270466415419108,0.13186813186813187,0.1,375.4250000000001,1.9588999999999996,8,0,75.17000000000002,7
COc1ccccc1Oc1c(NS(=O)(=O)c2ccc(C(C)(C)C)cc2)nc(-c2ncccn2)nc1OCCO,CC(C)Oc1ccc(O)cc1S(=O)(=O)N1CCO[C@]2(CCN(C(=O)c3cnc(C(C)(C)C)cn3)C2)C1,0.6409608985755146,0.14545454545454545,0.1,518.6360000000003,2.572700000000001,8,1,122.16,5
COc1ccccc1Oc1c(NS(=O)(=O)c2ccc(C(C)(C)C)cc2)nc(-c2ncccn2)nc1OCCO,COc1cc(OC)nc(-n2nccc2NS(=O)(=O)c2ccc(C(C)(C)C)cc2)c1,0.6618401602147334,0.35,0.1,416.5030000000002,3.3828000000000022,7,1,95.34,6
COc1ccccc1Oc1c(NS(=O)(=O)c2ccc(C(C)(C)C)cc2)nc(-c2ncccn2)nc1OCCO,Cc1nnc(-c2ccccn2)c(NS(=O)(=O)c2ccc(CNC(=O)C(C)(C)C)cc2)c1C,0.589229857657848,0.2727272727272727,0.1,453.56800000000027,3.618540000000002,6,2,113.94,6
COc1ccccc1Oc1c(NS(=O)(=O)c2ccc(C(C)(C)C)cc2)nc(-c2ncccn2)nc1OCCO,COc1ccc(S(=O)(=O)N2CCOc3c2nnc(OC)c3-n2cccn2)cc1,0.6265539092785068,0.17894736842105263,0.1,403.4200000000001,1.2671999999999999,9,0,108.67,5
COc1ccccc1Oc1c(NS(=O)(=O)c2ccc(C(C)(C)C)cc2)nc(-c2ncccn2)nc1OCCO,COCCOc1cccc(OC)c1NS(=O)(=O)c1ccc(C(C)(C)C)cc1,0.690380758321639,0.4492753623188406,0.4,393.50500000000017,3.8187000000000024,5,1,73.86,8
COc1ccccc1Oc1c(NS(=O)(=O)c2ccc(C(C)(C)C)cc2)nc(-c2ncccn2)nc1OCCO,COc1cc(OC)c(OC)c(-c2cccnn2)c1NS(=O)(=O)c1ccc(C(C)(C)C)cc1,0.5655331547180528,0.38461538461538464,0.4,457.5520000000002,4.267700000000003,7,1,99.63999999999999,7
COc1ccccc1Oc1c(NS(=O)(=O)c2ccc(C(C)(C)C)cc2)nc(-c2ncccn2)nc1OCCO,COc1ccccc1Nc1nc(-c2ccccn2)ncc1NS(=O)(=O)c1ccc(C(C)(C)C)cc1,0.3584564901891349,0.4805194805194805,0.4,489.6010000000002,5.389100000000004,7,2,106.1,7
COc1ccccc1Oc1c(NS(=O)(=O)c2ccc(C(C)(C)C)cc2)nc(-c2ncccn2)nc1OCCO,COCC(=O)Nc1cnc(-c2ncccc2OC)nc1Oc1ccc(C(C)C)cc1,0.6006547557522969,0.2777777777777778,0.4,408.45800000000014,4.047800000000003,7,1,95.46000000000001,8
COc1ccccc1Oc1c(NS(=O)(=O)c2ccc(C(C)(C)C)cc2)nc(-c2ncccn2)nc1OCCO,COCCOc1cccc(-n2nnnc2C)c1NC(=O)c1ccc(C(C)(C)C)cc1,0.6003102168748669,0.2727272727272727,0.4,409.4900000000002,3.545720000000002,7,1,91.16,7
COc1ccccc1Oc1c(NS(=O)(=O)c2ccc(C(C)(C)C)cc2)nc(-c2ncccn2)nc1OCCO,CC(C)(C)c1ccc(S(=O)(=O)Nc2cnc(N3CCOCC3)nc2-c2ccccc2)cc1,0.6280131636835812,0.32142857142857145,0.4,452.58000000000027,4.078500000000004,6,1,84.42,5
COc1ccccc1Oc1c(NS(=O)(=O)c2ccc(C(C)(C)C)cc2)nc(-c2ncccn2)nc1OCCO,COCCOc1ccccc1NC(=O)CNS(=O)(=O)c1ccc(C)c(C)c1,0.6385836926683547,0.2441860465116279,0.4,392.47700000000015,2.24564,5,2,93.72999999999999,9
COc1ccccc1Oc1c(NS(=O)(=O)c2ccc(C(C)(C)C)cc2)nc(-c2ncccn2)nc1OCCO,COc1ccc(S(=O)(=O)NCc2ccc(C(C)(C)C)cn2)c(Oc2ncccc2OC)c1,0.5443678603389779,0.34523809523809523,0.4,457.5520000000002,4.062100000000004,7,1,99.64000000000001,8
COc1ccccc1Oc1c(NS(=O)(=O)c2ccc(C(C)(C)C)cc2)nc(-c2ncccn2)nc1OCCO,CSc1ncc(NS(=O)(=O)c2ccc(C(C)(C)C)cc2)c(-c2ccccn2)n1,0.49319615389929716,0.35443037974683544,0.4,414.5560000000001,4.358800000000003,6,1,84.84,5
COc1ccccc1Oc1c(NS(=O)(=O)c2ccc(C(C)(C)C)cc2)nc(-c2ncccn2)nc1OCCO,COc1cccnc1Nc1nnc(-c2ccc(C(C)(C)C)cc2)n1CC1(O)CCS(=O)(=O)CC1,0.5456826207466711,0.3076923076923077,0.4,485.61000000000035,3.3295000000000012,9,2,119.22999999999999,6
COc1ccccc1Oc1c(NS(=O)(=O)c2ccc(C(C)(C)C)cc2)nc(-c2ncccn2)nc1OCCO,COc1cc(-c2nn[nH]n2)c(NS(=O)(=O)c2ccc(C(C)(C)C)cc2)c(OC)c1OC,0.5655990110667497,0.3670886075949367,0.7,447.5170000000003,2.990800000000002,8,2,128.32,7
COc1ccccc1Oc1c(NS(=O)(=O)c2ccc(C(C)(C)C)cc2)nc(-c2ncccn2)nc1OCCO,COc1cccc(-c2nnnn2[C@H]2CCCN(S(=O)(=O)C(C)(C)C)C2)c1OC,0.7456200007903256,0.18947368421052632,0.7,409.5120000000002,2.1225,8,0,99.44000000000001,5
COc1ccccc1Oc1c(NS(=O)(=O)c2ccc(C(C)(C)C)cc2)nc(-c2ncccn2)nc1OCCO,COc1nc(NS(=O)(=O)c2ccc(C(C)(C)C)cc2)c(-c2nn[nH]n2)c(OC)c1OC,0.5569484263787231,0.3974358974358974,0.7,448.50500000000017,2.3858000000000006,9,2,141.20999999999998,7
COc1ccccc1Oc1c(NS(=O)(=O)c2ccc(C(C)(C)C)cc2)nc(-c2ncccn2)nc1OCCO,COc1ccc(NS(=O)(=O)c2ccc(C(C)(C)C)cc2)c(-c2nn[nH]n2)c1OC,0.6326167475372624,0.3670886075949367,0.7,417.4910000000001,2.9822000000000006,7,2,119.09,6
COc1ccccc1Oc1c(NS(=O)(=O)c2ccc(C(C)(C)C)cc2)nc(-c2ncccn2)nc1OCCO,CCOc1c(OC)cccc1S(=O)(=O)Nc1ccc(C(C)(C)CC)cc1C(=O)O,0.6265207720665992,0.29411764705882354,0.7,421.5150000000002,4.280500000000003,5,2,101.92999999999999,9
COc1ccccc1Oc1c(NS(=O)(=O)c2ccc(C(C)(C)C)cc2)nc(-c2ncccn2)nc1OCCO,COc1c(OC)c(OC)c(S(=O)(=O)Nc2ccc(C(C)(C)C)cc2)c(OC)c1OC,0.6682101767693703,0.30434782608695654,0.7,439.53000000000026,3.827900000000003,7,1,92.32000000000001,8
COc1ccccc1Oc1c(NS(=O)(=O)c2ccc(C(C)(C)C)cc2)nc(-c2ncccn2)nc1OCCO,COc1cccc(-c2nnnn2CCCO)c1NS(=O)(=O)c1ccc(OC(C)(C)C)cc1,0.4977030915085843,0.32954545454545453,0.7,461.5440000000002,2.709200000000001,9,2,128.45999999999998,9
COc1ccccc1Oc1c(NS(=O)(=O)c2ccc(C(C)(C)C)cc2)nc(-c2ncccn2)nc1OCCO,COc1nnc(NS(=O)(=O)c2ccc(C(C)(C)C)cc2)c(Oc2ccccc2OC)n1,0.5858216790266465,0.5441176470588235,0.7,444.51300000000015,3.7794000000000025,8,1,112.53000000000002,7
COc1ccccc1Oc1c(NS(=O)(=O)c2ccc(C(C)(C)C)cc2)nc(-c2ncccn2)nc1OCCO,COc1cc(-c2ccc(OC)c(OC)c2OC)ccc1NS(=O)(=O)c1ccc(C(C)(C)C)cc1,0.4545233835023072,0.3684210526315789,0.7,485.6020000000002,5.486300000000005,6,1,83.09,8
COc1ccccc1Oc1c(NS(=O)(=O)c2ccc(C(C)(C)C)cc2)nc(-c2ncccn2)nc1OCCO,COc1ccccc1-c1nnc(NS(=O)(=O)c2ccc(C#N)c(C(C)(C)C)c2)c(OC)c1OC,0.5328971717831907,0.32558139534883723,0.7,482.5620000000003,4.139380000000004,8,1,123.43,7
Cc1noc(NS(=O)(=O)c2ccc(N)cc2)c1C,Cc1noc(NC(=O)c2ccc(S(N)(=O)=O)cc2)c1C,0.8820741660503604,0.48936170212765956,0.1,295.32000000000005,1.1911399999999999,5,2,115.28999999999999,3
Cc1noc(NS(=O)(=O)c2ccc(N)cc2)c1C,Cc1noc(NS(=O)(=O)c2ccc(O)cc2)c1C,0.8850103781163329,0.7368421052631579,0.1,268.29400000000004,1.7978399999999999,5,2,92.43,3
Cc1noc(NS(=O)(=O)c2ccc(N)cc2)c1C,Cc1coc(NS(=O)(=O)c2ccc(C#N)o2)c1C(N)=O,0.860227698062115,0.25,0.1,295.27600000000007,0.9523999999999999,6,2,139.32999999999998,4
Cc1noc(NS(=O)(=O)c2ccc(N)cc2)c1C,Cc1ncccc1NS(=O)(=O)c1ccc(N)cc1,0.8264112944459835,0.5476190476190477,0.1,263.32199999999995,1.7730199999999998,4,2,85.08,3
Cc1noc(NS(=O)(=O)c2ccc(N)cc2)c1C,Cc1noc(NS(=O)(=O)c2ccc(N)cc2)c1C,0.8241959038664723,1.0,0.1,267.31,1.67444,5,2,98.22,3
Cc1noc(NS(=O)(=O)c2ccc(N)cc2)c1C,Cc1oncc1NC(=O)c1ccc(S(N)(=O)=O)o1,0.834673021870061,0.22033898305084745,0.1,271.254,0.4757200000000003,6,2,128.43,3
Cc1noc(NS(=O)(=O)c2ccc(N)cc2)c1C,Cc1c(Br)cncc1NS(=O)(=O)c1ccc(C(N)=O)cc1,0.859955825473995,0.3333333333333333,0.1,370.2280000000002,2.05222,4,2,102.15,4
Cc1noc(NS(=O)(=O)c2ccc(N)cc2)c1C,Cc1noc(NS(=O)(=O)c2ccc(S(N)(=O)=O)cc2)c1C,0.848755409275811,0.7837837837837838,0.1,331.3750000000001,0.7396400000000002,6,2,132.35999999999999,4
Cc1noc(NS(=O)(=O)c2ccc(N)cc2)c1C,Cc1c(C#N)cncc1NS(=O)(=O)c1ccc(N)cc1,0.8344472802291678,0.4489795918367347,0.1,288.332,1.6446999999999998,5,2,108.86999999999999,3
Cc1noc(NS(=O)(=O)c2ccc(N)cc2)c1C,Cc1onc(NS(=O)(=O)c2cc(Cl)cc(Cl)c2)c1C,0.9402437236942228,0.3469387755102041,0.1,321.18500000000006,3.399040000000001,4,1,72.2,3
Cc1noc(NS(=O)(=O)c2ccc(N)cc2)c1C,Cc1noc(NS(=O)(=O)c2ccc(N)cc2)c1Br,0.8392073350957469,0.7435897435897436,0.4,332.179,2.12852,5,2,98.22,3
Cc1noc(NS(=O)(=O)c2ccc(N)cc2)c1C,Cc1ccc(S(=O)(=O)Nc2occ(N)c2C)cc1,0.8920381599902345,0.4772727272727273,0.4,266.322,2.27944,4,2,85.33,3
Cc1noc(NS(=O)(=O)c2ccc(N)cc2)c1C,Cc1noc(NS(=O)(=O)c2ccc(N)cc2)c1C,0.8241959038664723,1.0,0.4,267.31,1.67444,5,2,98.22,3
Cc1noc(NS(=O)(=O)c2ccc(N)cc2)c1C,Cc1ccc(NS(=O)(=O)c2ccc(N)cc2)c(C)c1C,0.8535183331806744,0.5,0.4,290.3880000000001,2.994860000000002,3,2,72.19,3
Cc1noc(NS(=O)(=O)c2ccc(N)cc2)c1C,Cc1noc(NS(=O)(=O)c2ccc(N)s2)c1C,0.8870862154240324,0.6046511627906976,0.4,273.33900000000006,1.73594,6,2,98.22,3
Cc1noc(NS(=O)(=O)c2ccc(N)cc2)c1C,Cc1noc(NS(=O)(=O)c2ccc(C#N)cc2)c1C,0.9246869881118898,0.6829268292682927,0.4,277.30500000000006,1.9639199999999999,5,1,95.99000000000001,3
Cc1noc(NS(=O)(=O)c2ccc(N)cc2)c1C,Cc1noc(NS(=O)(=O)c2ccc(CO)cc2)c1C,0.8878914720198697,0.6829268292682927,0.7,282.321,1.5845399999999998,5,2,92.43,4
Cc1noc(NS(=O)(=O)c2ccc(N)cc2)c1C,COc1ncc(NS(=O)(=O)c2ccc(N)cc2)c(C)c1C,0.8434462107797324,0.4583333333333333,0.7,307.37500000000006,2.09004,5,2,94.30999999999999,4
Cc1noc(NS(=O)(=O)c2ccc(N)cc2)c1C,Cc1nc(C)c(NS(=O)(=O)c2ccc(N)cc2)o1,0.8241959038664723,0.6097560975609756,0.7,267.31,1.67444,5,2,98.22,3
Cc1noc(NS(=O)(=O)c2ccc(N)cc2)c1C,Cc1noc(NS(=O)(=O)c2ccc(N)cc2)c1C,0.8241959038664723,1.0,0.7,267.31,1.67444,5,2,98.22,3
Cc1noc(NS(=O)(=O)c2ccc(N)cc2)c1C,Cc1noc(S(=O)(=O)Nc2ccc(N)cc2)c1C,0.8241959038664723,0.5714285714285714,0.7,267.31,1.67444,5,2,98.22,3
Cc1noc(NS(=O)(=O)c2ccc(N)cc2)c1C,Cc1noc(NC(=O)c2ccc(N)cc2)c1C,0.7755559027341548,0.5348837209302325,0.7,231.255,2.12594,4,2,81.15,2
Cc1cc(NS(=O)(=O)c2ccc(N)cc2)no1,Cc1cc(NS(=O)(=O)c2ccc(N)cc2)no1,0.804736706639606,1.0,0.1,253.28300000000002,1.3660199999999998,5,2,98.22,3
Cc1cc(NS(=O)(=O)c2ccc(N)cc2)no1,CCN(C1CCCC1)S(=O)(=O)NCc1cc(C2CC2)on1,0.8366635457599264,0.1935483870967742,0.1,313.4230000000001,2.1509,4,1,75.44,7
Cc1cc(NS(=O)(=O)c2ccc(N)cc2)no1,Cc1cc(NS(=O)(=O)N2CCOCC2)on1,0.8105192851153961,0.2692307692307692,0.1,247.27599999999995,-0.028080000000000327,5,1,84.67,3
Cc1cc(NS(=O)(=O)c2ccc(N)cc2)no1,CCc1cc(NS(=O)(=O)c2ccc(N)cc2)no1,0.8200808156056373,0.675,0.1,267.31,1.6199999999999999,5,2,98.22,4
Cc1cc(NS(=O)(=O)c2ccc(N)cc2)no1,CCc1cc(N(C)S(=O)(=O)c2ccc(N)cc2)no1,0.8604778100683513,0.38,0.1,281.337,1.6443,5,1,89.43,4
Cc1cc(NS(=O)(=O)c2ccc(N)cc2)no1,Cc1cc(NS(=O)(=O)c2ccc(CN)cc2)no1,0.8680791941507003,0.717948717948718,0.1,267.31,1.2425199999999998,5,2,98.22,4
Cc1cc(NS(=O)(=O)c2ccc(N)cc2)no1,Cc1cc(NS(=O)(=O)c2ccc(C(N)=O)cc2)no1,0.8627606707985896,0.7,0.1,281.293,0.88272,5,2,115.28999999999999,4
Cc1cc(NS(=O)(=O)c2ccc(N)cc2)no1,Cc1cc(NS(=O)(=O)c2ccc(C#N)cc2)no1,0.907860189702646,0.675,0.1,263.278,1.6554999999999997,5,1,95.99000000000001,3
Cc1cc(NS(=O)(=O)c2ccc(N)cc2)no1,Cc1cc(NS(=O)(=O)c2ccc(S(N)(=O)=O)cc2)no1,0.8399645764990834,0.7777777777777778,0.1,317.34800000000007,0.43121999999999966,6,2,132.35999999999999,4
Cc1cc(NS(=O)(=O)c2ccc(N)cc2)no1,Cc1cc(NS(=O)(=O)c2ccc(N)cc2)no1,0.804736706639606,1.0,0.4,253.28300000000002,1.3660199999999998,5,2,98.22,3
Cc1cc(NS(=O)(=O)c2ccc(N)cc2)no1,Cc1cnc2onc(NS(=O)(=O)c3ccc(C#N)cc3)c2c1,0.7934422075054698,0.35714285714285715,0.4,314.326,2.2036999999999995,6,1,108.88,3
Cc1cc(NS(=O)(=O)c2ccc(N)cc2)no1,COc1ccc(O)c(NS(=O)(=O)c2ccc(N)cc2)c1,0.5891088032174249,0.4166666666666667,0.4,294.332,1.7837999999999998,5,3,101.64999999999999,4
Cc1cc(NS(=O)(=O)c2ccc(N)cc2)no1,Cc1cc(NC(=O)CCCC(N)=O)no1,0.743590889495404,0.3617021276595745,0.4,211.22099999999998,0.5771199999999997,4,2,98.22,5
Cc1cc(NS(=O)(=O)c2ccc(N)cc2)no1,Cc1cc(NS(=O)(=O)c2ccc(C#N)cc2)on1,0.907860189702646,0.4166666666666667,0.4,263.278,1.6554999999999997,5,1,95.99000000000001,3
Cc1cc(NS(=O)(=O)c2ccc(N)cc2)no1,Nc1ccc(S(=O)(=O)Nc2cccc(Cl)c2)cc1,0.8503705063263826,0.4318181818181818,0.4,282.752,2.7230000000000008,3,2,72.19,3
Cc1cc(NS(=O)(=O)c2ccc(N)cc2)no1,Cc1cc(NS(=O)(=O)c2ccc(N)cc2)n[nH]1,0.7118476593208007,0.5853658536585366,0.4,252.29900000000004,1.1011199999999999,4,3,100.87,3
Cc1cc(NS(=O)(=O)c2ccc(N)cc2)no1,NC(=O)c1cc(NS(=O)(=O)c2ccccc2)on1,0.839940804936359,0.375,0.4,267.26599999999996,0.5742999999999999,5,2,115.28999999999999,4
Cc1cc(NS(=O)(=O)c2ccc(N)cc2)no1,CC(C)(C)c1cc(NS(=O)(=O)c2ccc(C(N)=S)cc2)no1,0.8301383890896853,0.46938775510204084,0.4,339.442,2.4071000000000007,5,2,98.22,4
Cc1cc(NS(=O)(=O)c2ccc(N)cc2)no1,Cc1cc(NS(=O)(=O)c2ccc(C(N)=O)cc2)no1,0.8627606707985896,0.7,0.4,281.293,0.88272,5,2,115.28999999999999,4
Cc1cc(NS(=O)(=O)c2ccc(N)cc2)no1,Cc1cc(NS(=O)(=O)c2ccc(N)cc2)no1,0.804736706639606,1.0,0.7,253.28300000000002,1.3660199999999998,5,2,98.22,3
Cc1cc(NS(=O)(=O)c2ccc(N)cc2)no1,Cc1ccc(S(=O)(=O)Nc2cc(C)on2)cc1,0.907443309328045,0.7714285714285715,0.7,252.29500000000002,2.09224,4,1,72.2,3
Cc1cc(NS(=O)(=O)c2ccc(N)cc2)no1,Cc1cc(NS(=O)(=O)c2ccc(F)cc2)no1,0.9101995192692033,0.7297297297297297,0.7,256.25800000000004,1.92292,4,1,72.2,3
Cc1cc(NS(=O)(=O)c2ccc(N)cc2)no1,Cc1nc(NS(=O)(=O)c2ccc(N)cc2)oc1C,0.8241959038664723,0.5116279069767442,0.7,267.31,1.67444,5,2,98.22,3
Cc1cc(NS(=O)(=O)c2ccc(N)cc2)no1,Cc1cc(NNS(=O)(=O)c2ccc(N)cc2)no1,0.5602991951858706,0.7368421052631579,0.7,268.298,0.8706200000000002,6,3,110.25,4
Cc1cc(NS(=O)(=O)c2ccc(N)cc2)no1,Cc1cc(NS(=O)(=O)c2ccc(Br)cc2)no1,0.9440943023736772,0.7297297297297297,0.7,317.16400000000004,2.5463200000000006,4,1,72.2,3
Cc1cc(NS(=O)(=O)c2ccc(N)cc2)no1,Cc1ccc(-c2cc(NS(=O)(=O)c3ccc(N)cc3)no2)cc1,0.7169124112286916,0.6666666666666666,0.7,329.38100000000003,3.0330200000000005,5,2,98.22,4
Cc1cc(NS(=O)(=O)c2ccc(N)cc2)no1,Cc1cc(NS(=O)(=O)c2ccc(N)cc2)on1,0.804736706639606,0.625,0.7,253.28300000000002,1.3660199999999998,5,2,98.22,3
Cc1cc(NS(=O)(=O)c2ccc(N)cc2)no1,Cc1cc(NS(=O)(=O)c2cc(N)cc(F)c2)no1,0.8242729654706096,0.6585365853658537,0.7,271.273,1.5051199999999998,5,2,98.22,3
Cc1cc(NS(=O)(=O)c2ccc(N)cc2)no1,Cc1cc(NS(=O)(=O)c2cccc(N)c2)no1,0.804736706639606,0.717948717948718,0.7,253.28300000000002,1.3660199999999998,5,2,98.22,3
CC1=C(CC(=O)O)c2cc(F)ccc2/C1=C/c1ccc(S(C)(=O)=O)cc1,CO[C@@H](C)CC(=O)N1C[C@@H](NC(=O)/C=C\c2ccc[nH]2)C(C)(C)C1,0.7797864723953781,0.10112359550561797,0.1,333.43200000000013,1.8060999999999992,3,2,74.43,6
CC1=C(CC(=O)O)c2cc(F)ccc2/C1=C/c1ccc(S(C)(=O)=O)cc1,CNS(=O)(=O)c1ccc(/C=C2/C(C(=O)O)=CC(C)=C(C)c3ccccc32)cc1,0.8209687787626987,0.35384615384615387,0.1,395.48000000000013,3.953300000000003,3,2,83.47,4
CC1=C(CC(=O)O)c2cc(F)ccc2/C1=C/c1ccc(S(C)(=O)=O)cc1,CS(=O)(=O)c1ccc(C(=O)N2CC=C(c3ccc(F)cc3)CC2)cc1,0.8458716703395538,0.2878787878787879,0.1,359.4220000000001,3.1587000000000023,3,0,54.45,3
CC1=C(CC(=O)O)c2cc(F)ccc2/C1=C/c1ccc(S(C)(=O)=O)cc1,COc1ccc2c(c1)C(C)(C)CC(=O)/C2=C/c1ccc(S(C)(=O)=O)cc1,0.7692651319227433,0.3484848484848485,0.1,370.4700000000001,3.889700000000003,4,0,60.440000000000005,3
CC1=C(CC(=O)O)c2cc(F)ccc2/C1=C/c1ccc(S(C)(=O)=O)cc1,CC1=C(C)c2cc(S(C)(=O)=O)ccc2/C(=C\c2ccc(F)cc2)C1=O,0.7598817312794472,0.5471698113207547,0.1,356.41800000000006,4.145900000000004,3,0,51.21,2
CC1=C(CC(=O)O)c2cc(F)ccc2/C1=C/c1ccc(S(C)(=O)=O)cc1,CC1=C(/C=C\C(=O)O)CC(=O)c2ccc(F)cc21,0.8161738827181476,0.32786885245901637,0.1,246.23699999999997,2.8264000000000005,2,1,54.37,2
CC1=C(CC(=O)O)c2cc(F)ccc2/C1=C/c1ccc(S(C)(=O)=O)cc1,CS(=O)(=O)c1ccc2c(c1)CC/C(=C/c1ccc(C(=O)O)c(F)c1)C2,0.909330731742842,0.3235294117647059,0.1,360.4060000000001,3.4997000000000016,3,1,71.44,3
CC1=C(CC(=O)O)c2cc(F)ccc2/C1=C/c1ccc(S(C)(=O)=O)cc1,CC(=O)C1=Cc2ccc(F)cc2C(=O)/C1=C/c1ccc(S(C)(=O)=O)cc1,0.7759624779071927,0.5172413793103449,0.1,370.40100000000007,3.4815000000000023,4,0,68.28,3
CC1=C(CC(=O)O)c2cc(F)ccc2/C1=C/c1ccc(S(C)(=O)=O)cc1,C=C1CC(CNS(=O)(=O)c2ccc3c(c2)C[C@@H](C)O3)(c2ccc(F)cc2)C1,0.7959328948481599,0.2,0.1,387.4760000000001,3.7154000000000034,3,1,55.400000000000006,5
CC1=C(CC(=O)O)c2cc(F)ccc2/C1=C/c1ccc(S(C)(=O)=O)cc1,Cc1ccc(CC(=O)O)c(/C=C2/CCc3cc(S(C)(=O)=O)ccc3C2)c1,0.8925842408984112,0.3333333333333333,0.1,370.47000000000014,3.597920000000003,3,1,71.44,4
CC1=C(CC(=O)O)c2cc(F)ccc2/C1=C/c1ccc(S(C)(=O)=O)cc1,O=C1C(c2ccc(F)cc2)=Cc2ccc(F)cc21,0.7447266893006855,0.22413793103448276,0.4,242.224,3.7017000000000015,1,0,17.07,1
CC1=C(CC(=O)O)c2cc(F)ccc2/C1=C/c1ccc(S(C)(=O)=O)cc1,CS(=O)(=O)c1ccccc1/C=C1\CC(CC(=O)O)C12CC2,0.9281587069608397,0.22857142857142856,0.4,306.3830000000001,2.7483000000000004,3,1,71.44,4
CC1=C(CC(=O)O)c2cc(F)ccc2/C1=C/c1ccc(S(C)(=O)=O)cc1,COc1ccc(/C(C)=C/C(=O)N2CC3(CC(=O)c4cc(F)ccc43)C2)cc1,0.7810135138764634,0.22077922077922077,0.4,365.40400000000005,3.604200000000003,3,0,46.61,3
CC1=C(CC(=O)O)c2cc(F)ccc2/C1=C/c1ccc(S(C)(=O)=O)cc1,CS(=O)(=O)c1ccc(/C=C/C2CC3(CC(=O)c4ccc(F)cc4O3)C2)cc1,0.7982766868452583,0.36231884057971014,0.4,386.4440000000001,4.056600000000004,4,0,60.44,3
CC1=C(CC(=O)O)c2cc(F)ccc2/C1=C/c1ccc(S(C)(=O)=O)cc1,CNS(=O)(=O)c1ccc(CN(C)C2=C(CC(=O)O)Cc3ccccc32)s1,0.7561476377784091,0.1875,0.4,392.50200000000007,2.530100000000001,5,2,86.71000000000001,7
CC1=C(CC(=O)O)c2cc(F)ccc2/C1=C/c1ccc(S(C)(=O)=O)cc1,O=C(O)c1ccc(/C=C/C(=O)N2C[C@@H]3[C@H](C2)[C@@H](C(=O)O)[C@H]3c2ccc(F)cc2)cc1,0.7402863700999762,0.18421052631578946,0.4,409.41300000000007,3.1099000000000014,3,2,94.91000000000001,5
CC1=C(CC(=O)O)c2cc(F)ccc2/C1=C/c1ccc(S(C)(=O)=O)cc1,CS(=O)(=O)c1cccc2c1CC(Cc1ccc(F)cc1)(C(=O)O)C2,0.9219831841450562,0.2647058823529412,0.4,348.3950000000001,2.6415000000000006,3,1,71.44,4
CC1=C(CC(=O)O)c2cc(F)ccc2/C1=C/c1ccc(S(C)(=O)=O)cc1,O=C(O)C1(Cc2cccc(F)c2)CN(S(=O)(=O)c2ccc([N+](=O)[O-])cc2)C1,0.5917962152502241,0.24324324324324326,0.4,394.38000000000017,2.0519000000000003,5,1,117.82000000000002,6
CC1=C(CC(=O)O)c2cc(F)ccc2/C1=C/c1ccc(S(C)(=O)=O)cc1,CS(=O)(=O)c1ccc(-c2cc(F)ccc2CC2(CC(=O)O)CC2)cc1,0.8505843550619693,0.4426229508196721,0.4,362.42200000000014,3.6936000000000027,3,1,71.44,6
CC1=C(CC(=O)O)c2cc(F)ccc2/C1=C/c1ccc(S(C)(=O)=O)cc1,CC(=C/c1ccc(S(C)(=O)=O)cc1)/C=C/C(C)=C/C(=O)O,0.6700659247784172,0.36363636363636365,0.4,306.38300000000004,3.0805000000000016,3,1,71.44,5
CC1=C(CC(=O)O)c2cc(F)ccc2/C1=C/c1ccc(S(C)(=O)=O)cc1,CS(=O)(=O)c1ccc(/C=C2/CC(=O)c3cc(O)ccc3C2)s1,0.9160178632338392,0.1917808219178082,0.7,334.41800000000006,3.069700000000002,5,1,71.44,2
CC1=C(CC(=O)O)c2cc(F)ccc2/C1=C/c1ccc(S(C)(=O)=O)cc1,O=C(O)C1CC2(C/C(=C/c3ccc(F)cc3)CS2(=O)=O)C1,0.9092861201944362,0.23880597014925373,0.7,310.34600000000006,2.261,3,1,71.44,2
CC1=C(CC(=O)O)c2cc(F)ccc2/C1=C/c1ccc(S(C)(=O)=O)cc1,CS(=O)(=O)c1ccc(/C=C2\C(=O)c3ccc(F)cc3C2=O)cc1,0.6270221239288907,0.5918367346938775,0.7,330.33600000000007,2.6918000000000006,4,0,68.28,2
CC1=C(CC(=O)O)c2cc(F)ccc2/C1=C/c1ccc(S(C)(=O)=O)cc1,Cc1ccc2c(c1)C(=O)/C(=C/c1ccc(F)cc1)C(C(=O)O)=C2,0.8565469870476676,0.3709677419354839,0.7,308.30800000000005,3.8820200000000025,2,1,54.370000000000005,2
CC1=C(CC(=O)O)c2cc(F)ccc2/C1=C/c1ccc(S(C)(=O)=O)cc1,CS(=O)(=O)/N=C1/N=C(Cc2ccc(F)cc2F)c2cc(S(C)(=O)=O)ccc21,0.7689190550341632,0.3088235294117647,0.7,412.4390000000002,2.1199000000000003,4,0,93.0,4
CC1=C(CC(=O)O)c2cc(F)ccc2/C1=C/c1ccc(S(C)(=O)=O)cc1,CS(=O)(=O)c1cccc(/C=C/C2=Cc3cc(F)ccc3C(=O)C2)c1,0.849584707008214,0.3283582089552239,0.7,342.39100000000013,3.9124000000000034,3,0,51.21,3
CC1=C(CC(=O)O)c2cc(F)ccc2/C1=C/c1ccc(S(C)(=O)=O)cc1,CC1CCC(O)(C(=O)/C=C/c2ccc(S(C)(=O)=O)cc2)CC1,0.8650512085194424,0.28125,0.7,322.4260000000001,2.613600000000001,4,1,71.44,4
CC1=C(CC(=O)O)c2cc(F)ccc2/C1=C/c1ccc(S(C)(=O)=O)cc1,Cc1ccc2c(c1)C=C(CC(=O)O)C/C2=C/c1ccc(F)cc1,0.8720031515849963,0.41935483870967744,0.7,308.352,4.936520000000003,1,1,37.3,3
CC1=C(CC(=O)O)c2cc(F)ccc2/C1=C/c1ccc(S(C)(=O)=O)cc1,NS(=O)(=O)c1ccc2c(c1)/C(=C\c1ccccc1)C(=O)C=C2,0.8655032223890955,0.265625,0.7,311.362,2.4705000000000004,3,1,77.23,2
CC1=C(CC(=O)O)c2cc(F)ccc2/C1=C/c1ccc(S(C)(=O)=O)cc1,CC1=C/C(=C/c2ccc(S(C)(=O)=O)cc2)C(=O)c2ccc(F)cc21,0.7776130499880325,0.509090909090909,0.7,342.391,3.9124000000000025,3,0,51.21,2
CCCCC1=NC2(CCCC2)C(=O)N1Cc1ccc(-c2ccccc2-c2nn[nH]n2)cc1,O=C1N(CC2CCCC2)C(=O)C2(CCCC2)N1Cc1ccc(-c2nc[nH]n2)cc1,0.7847491786080613,0.2891566265060241,0.1,393.491,3.7389000000000028,4,1,82.19000000000001,5
CCCCC1=NC2(CCCC2)C(=O)N1Cc1ccc(-c2ccccc2-c2nn[nH]n2)cc1,C[C@@H]1CSCCN1CCc1ccc(-c2nn[nH]n2)cc1,0.9305809686840594,0.3026315789473684,0.1,289.408,1.8465,5,1,57.7,4
CCCCC1=NC2(CCCC2)C(=O)N1Cc1ccc(-c2ccccc2-c2nn[nH]n2)cc1,CCCCN1CCN(Cc2ccccc2-c2nn[nH]n2)CC1,0.8809983753901932,0.4057971014492754,0.1,300.4100000000001,1.7844,5,1,60.940000000000005,6
CCCCC1=NC2(CCCC2)C(=O)N1Cc1ccc(-c2ccccc2-c2nn[nH]n2)cc1,CCCCN1C(=O)C2(CCN(Cc3ccc(-c4nn[nH]n4)cc3)CC2)N=C1C,0.8288327026854018,0.5138888888888888,0.1,381.4840000000001,2.2619999999999996,6,1,90.37,6
CCCCC1=NC2(CCCC2)C(=O)N1Cc1ccc(-c2ccccc2-c2nn[nH]n2)cc1,O=C1C[C@@H]2[C@@H](CCN2Cc2ccc(-c3nn[nH]n3)cc2)N1C1CCCCC1,0.8987951087456384,0.325,0.1,366.4690000000003,2.3746,5,1,78.01,4
CCCCC1=NC2(CCCC2)C(=O)N1Cc1ccc(-c2ccccc2-c2nn[nH]n2)cc1,C=CCC1(O)CN(Cc2ccc(-c3nn[nH]n3)cc2)C1,0.7929171915128866,0.32432432432432434,0.1,271.32400000000007,0.9894999999999999,5,2,77.92999999999999,5
CCCCC1=NC2(CCCC2)C(=O)N1Cc1ccc(-c2ccccc2-c2nn[nH]n2)cc1,C=CCC1(C(=O)N2CCN=C(c3ccc(-c4c[nH]nc4C)cc3)C2)CCCCC1,0.7618818882466847,0.21739130434782608,0.1,390.5310000000003,4.543020000000004,3,1,61.35,5
CCCCC1=NC2(CCCC2)C(=O)N1Cc1ccc(-c2ccccc2-c2nn[nH]n2)cc1,Cc1cc(-c2nn[nH]n2)ccc1[C@H](C)NC(=O)N1CC[S@@](=O)C2(CCCCC2)C1,0.8005879936810936,0.25806451612903225,0.1,416.55100000000044,2.7129200000000013,5,2,103.87,3
CCCCC1=NC2(CCCC2)C(=O)N1Cc1ccc(-c2ccccc2-c2nn[nH]n2)cc1,C=CCC1(C(=O)N2CC[C@H]3CN(Cc4ccc(-c5nn[nH]n5)cc4)C[C@H]32)CCCCC1,0.7246938309930494,0.3146067415730337,0.1,420.56100000000026,3.426000000000002,5,1,78.01,6
CCCCC1=NC2(CCCC2)C(=O)N1Cc1ccc(-c2ccccc2-c2nn[nH]n2)cc1,CC[C@@H]1C(=O)NCCN1Cc1ccccc1-c1nn[nH]n1,0.8581448904608489,0.36,0.1,286.339,0.5770999999999991,5,2,86.8,4
CCCCC1=NC2(CCCC2)C(=O)N1Cc1ccc(-c2ccccc2-c2nn[nH]n2)cc1,O=C1CNC(=S)N1Cc1ccc(-c2cccs2)cc1,0.8813019626775357,0.25,0.4,288.397,2.631800000000001,3,1,32.34,3
CCCCC1=NC2(CCCC2)C(=O)N1Cc1ccc(-c2ccccc2-c2nn[nH]n2)cc1,CCCCN1C(=O)C2(CCN(Cc3ccc(-c4nn[nH]n4)cc3)CC2)N=C1CC,0.7782879499140883,0.5492957746478874,0.4,395.51100000000014,2.652100000000001,6,1,90.37,7
CCCCC1=NC2(CCCC2)C(=O)N1Cc1ccc(-c2ccccc2-c2nn[nH]n2)cc1,CCCCN1CCN(C)C2(CCN(Cc3ccc(-c4ccc(-c5nn[nH]n5)cc4)cc3)CC2)C1=O,0.566208510227998,0.4342105263157895,0.4,473.62500000000017,3.442400000000002,6,1,81.25,7
CCCCC1=NC2(CCCC2)C(=O)N1Cc1ccc(-c2ccccc2-c2nn[nH]n2)cc1,O=C1CC2(CCCCC2)N(Cc2ccc(-c3ccccc3-c3nn[nH]n3)cc2)CCN1,0.6791268276619623,0.5068493150684932,0.4,416.5290000000001,3.5585000000000013,5,2,86.80000000000001,4
CCCCC1=NC2(CCCC2)C(=O)N1Cc1ccc(-c2ccccc2-c2nn[nH]n2)cc1,CCCCN1CC2(CCCC2)N(Cc2ccc(-c3ccccc3-c3nn[nH]n3)cc2)C1=O,0.5791800443416931,0.5915492957746479,0.4,430.5560000000001,4.884200000000004,4,1,78.01,7
CCCCC1=NC2(CCCC2)C(=O)N1Cc1ccc(-c2ccccc2-c2nn[nH]n2)cc1,Nc1ncccc1-c1ccc(CN2C(=O)CCC3=C2CCCCC3)cc1,0.8774168269687395,0.28205128205128205,0.4,347.46200000000016,4.671400000000005,3,1,59.22,3
CCCCC1=NC2(CCCC2)C(=O)N1Cc1ccc(-c2ccccc2-c2nn[nH]n2)cc1,CCCCN1CCN(Cc2cccc(-c3ccccc3-c3nn[nH]n3)c2)C(C)(C)C1=O,0.6321368006996048,0.46153846153846156,0.4,418.5450000000002,3.7566000000000024,5,1,78.01,7
CCCCC1=NC2(CCCC2)C(=O)N1Cc1ccc(-c2ccccc2-c2nn[nH]n2)cc1,CCSC1=NC2(CCCC2)C(=O)N1Cc1ccc(-c2nn[nH]n2)cc1-c1nn[nH]n1,0.6314372498739951,0.4864864864864865,0.4,424.4940000000001,1.8108999999999995,9,2,141.59000000000003,5
CCCCC1=NC2(CCCC2)C(=O)N1Cc1ccc(-c2ccccc2-c2nn[nH]n2)cc1,O=C1NCCN(Cc2ccc(-c3ccccc3-c3nn[nH]n3)cc2)C12CCCCC2,0.6999929887897397,0.5211267605633803,0.4,402.50200000000024,3.168400000000002,5,2,86.8,4
CCCCC1=NC2(CCCC2)C(=O)N1Cc1ccc(-c2ccccc2-c2nn[nH]n2)cc1,CCCC1=C(N2CCCC2)C(=O)N(Cc2ccc(-c3ccccc3-c3nn[nH]n3)cc2)C1=O,0.5624741915549094,0.5633802816901409,0.4,442.5230000000001,3.552500000000002,6,1,95.08000000000001,7
CCCCC1=NC2(CCCC2)C(=O)N1Cc1ccc(-c2ccccc2-c2nn[nH]n2)cc1,CCCCN1C(=O)N(Cc2ccccc2-c2nn[nH]n2)C(=O)C12CCCC2,0.791201429354597,0.4931506849315068,0.7,368.44100000000026,2.743800000000001,5,1,95.08000000000001,6
CCCCC1=NC2(CCCC2)C(=O)N1Cc1ccc(-c2ccccc2-c2nn[nH]n2)cc1,CCCCCCNC1=NCC(=O)N1Cc1ccc(-c2ccccc2)cc1,0.7252642254377257,0.3157894736842105,0.7,349.478,4.221700000000003,3,1,44.7,8
CCCCC1=NC2(CCCC2)C(=O)N1Cc1ccc(-c2ccccc2-c2nn[nH]n2)cc1,CC(C)c1ccc(-c2ccccc2CN2C(=O)NC(=O)C23CCCC3)cc1,0.7912052342181859,0.2857142857142857,0.7,362.4730000000002,4.841600000000004,2,1,49.410000000000004,4
CCCCC1=NC2(CCCC2)C(=O)N1Cc1ccc(-c2ccccc2-c2nn[nH]n2)cc1,CCCCc1c(CCC)[nH]n(Cc2ccccc2-c2nn[nH]n2)c1=O,0.6592602807134911,0.4189189189189189,0.7,340.43100000000004,2.6999000000000004,5,2,92.25,8
CCCCC1=NC2(CCCC2)C(=O)N1Cc1ccc(-c2ccccc2-c2nn[nH]n2)cc1,O=C1CC2(CCCCC2)N(Cc2ccc(-c3ccccc3-c3nn[nH]n3)cc2)CCN1,0.6791268276619623,0.5068493150684932,0.7,416.5290000000001,3.5585000000000013,5,2,86.80000000000001,4
CCCCC1=NC2(CCCC2)C(=O)N1Cc1ccc(-c2ccccc2-c2nn[nH]n2)cc1,C=C1C(=O)NC2(CCCCC2)C(=O)N1Cc1ccccc1-c1ccccc1,0.8404059620769577,0.2857142857142857,0.7,360.45700000000005,4.0286000000000035,2,1,49.410000000000004,3
CCCCC1=NC2(CCCC2)C(=O)N1Cc1ccc(-c2ccccc2-c2nn[nH]n2)cc1,c1ccc(-c2cc(-c3nn[nH]n3)ccc2CN2CCCCC23CCCC3)cc1,0.7113568255754213,0.37333333333333335,0.7,373.50400000000025,4.832400000000004,4,1,57.7,4
CCCCC1=NC2(CCCC2)C(=O)N1Cc1ccc(-c2ccccc2-c2nn[nH]n2)cc1,O=C1NC2(CCCCC2)C(=O)N1Cc1ccc(-c2ccc(-c3nn[nH]n3)cc2)cc1,0.651914168415864,0.47761194029850745,0.7,402.4580000000001,3.288400000000001,5,2,103.86999999999999,4
CCCCC1=NC2(CCCC2)C(=O)N1Cc1ccc(-c2ccccc2-c2nn[nH]n2)cc1,O=C1NC2(CCCC2)C(=O)N1Cc1ccccc1-c1ccc(-c2nn[nH]n2)cc1,0.6690082973033706,0.4714285714285714,0.7,388.43100000000004,2.8983000000000008,5,2,103.86999999999999,4
CCCCC1=NC2(CCCC2)C(=O)N1Cc1ccc(-c2ccccc2-c2nn[nH]n2)cc1,CCCCN1C(=O)N([C@@H]2CCCCc3c(-c4nn[nH]n4)cccc32)[C@H]2CCCC[C@@H]21,0.7399130144865166,0.3614457831325301,0.7,408.5500000000001,4.483100000000004,4,1,78.01,5
